Channel,Counts
1,0
2,0
3,0
4,1452
5,858
6,881
7,929
8,849
9,928
10,1017
11,1108
12,1218
13,1276
14,1196
15,1176
16,1108
17,1249
18,1246
19,1341
20,1459
21,1638
22,1745
23,2027
24,2222
25,2499
26,2661
27,2855
28,3026
29,3283
30,3603
31,3793
32,4193
33,4420
34,4691
35,4947
36,5000
37,4846
38,4688
39,4610
40,4503
41,4585
42,4497
43,4472
44,4668
45,4776
46,4495
47,4641
48,4695
49,4625
50,4764
51,4786
52,4817
53,4628
54,4536
55,4678
56,4585
57,4318
58,4411
59,4336
60,4272
61,4317
62,4477
63,4478
64,4463
65,4456
66,4433
67,4314
68,4213
69,4085
70,3834
71,3658
72,3446
73,3239
74,3148
75,3066
76,2938
77,2948
78,2857
79,2841
80,2861
81,2636
82,2660
83,2687
84,2679
85,2633
86,2506
87,2541
88,2495
89,2412
90,2283
91,2216
92,2196
93,2189
94,2185
95,2113
96,2072
97,2036
98,2037
99,1906
100,1953
101,1948
102,1872
103,1870
104,1737
105,1762
106,1706
107,1685
108,1611
109,1685
110,1536
111,1571
112,1558
113,1524
114,1429
115,1433
116,1410
117,1407
118,1491
119,1366
120,1519
121,1444
122,1389
123,1400
124,1385
125,1290
126,1241
127,1204
128,1182
129,1145
130,1094
131,1083
132,986
133,869
134,890
135,897
136,882
137,875
138,862
139,876
140,801
141,749
142,796
143,728
144,764
145,765
146,723
147,702
148,710
149,672
150,727
151,677
152,634
153,660
154,655
155,624
156,675
157,638
158,622
159,612
160,602
161,609
162,621
163,637
164,568
165,594
166,565
167,605
168,616
169,608
170,577
171,577
172,561
173,584
174,574
175,520
176,520
177,554
178,577
179,587
180,549
181,520
182,533
183,537
184,515
185,525
186,492
187,505
188,490
189,522
190,496
191,486
192,469
193,525
194,531
195,513
196,528
197,555
198,546
199,567
200,532
201,539
202,594
203,609
204,580
205,560
206,555
207,598
208,584
209,570
210,525
211,576
212,510
213,457
214,475
215,457
216,438
217,394
218,417
219,388
220,394
221,332
222,317
223,343
224,314
225,315
226,340
227,308
228,336
229,291
230,326
231,279
232,332
233,318
234,273
235,305
236,295
237,298
238,292
239,316
240,284
241,300
242,274
243,299
244,279
245,282
246,318
247,297
248,261
249,289
250,280
251,268
252,269
253,284
254,286
255,314
256,323
257,329
258,283
259,279
260,282
261,318
262,279
263,287
264,284
265,328
266,306
267,294
268,300
269,310
270,277
271,347
272,308
273,316
274,327
275,362
276,333
277,346
278,320
279,302
280,328
281,332
282,339
283,386
284,373
285,403
286,397
287,362
288,419
289,410
290,417
291,440
292,448
293,498
294,444
295,490
296,499
297,534
298,554
299,562
300,525
301,545
302,542
303,524
304,529
305,516
306,519
307,525
308,589
309,538
310,561
311,614
312,614
313,621
314,613
315,601
316,566
317,625
318,656
319,715
320,786
321,840
322,999
323,1166
324,1260
325,1383
326,1478
327,1582
328,1469
329,1423
330,1257
331,1062
332,851
333,687
334,526
335,433
336,268
337,209
338,173
339,135
340,119
341,109
342,77
343,84
344,80
345,104
346,100
347,103
348,96
349,91
350,78
351,70
352,74
353,80
354,98
355,79
356,94
357,86
358,82
359,71
360,78
361,68
362,74
363,68
364,68
365,43
366,57
367,56
368,39
369,47
370,35
371,55
372,47
373,31
374,39
375,36
376,39
377,24
378,30
379,39
380,29
381,33
382,38
383,32
384,42
385,37
386,29
387,34
388,30
389,38
390,27
391,41
392,26
393,23
394,29
395,27
396,30
397,31
398,23
399,28
400,21
401,19
402,16
403,15
404,9
405,3
406,21
407,10
408,7
409,6
410,9
411,10
412,8
413,7
414,6
415,8
416,7
417,4
418,3
419,5
420,3
421,7
422,3
423,4
424,3
425,5
426,7
427,4
428,3
429,8
430,6
431,4
432,4
433,7
434,7
435,4
436,4
437,5
438,2
439,7
440,3
441,7
442,5
443,5
444,4
445,6
446,14
447,3
448,4
449,4
450,5
451,8
452,5
453,5
454,5
455,3
456,2
457,12
458,3
459,3
460,7
461,6
462,5
463,2
464,8
465,6
466,9
467,6
468,9
469,4
470,11
471,8
472,8
473,10
474,8
475,1
476,2
477,7
478,3
479,4
480,7
481,7
482,6
483,0
484,7
485,8
486,11
487,10
488,9
489,6
490,6
491,13
492,7
493,10
494,10
495,4
496,10
497,10
498,5
499,3
500,6
501,10
502,7
503,7
504,7
505,8
506,10
507,5
508,3
509,8
510,6
511,5
512,9
513,10
514,10
515,17
516,10
517,10
518,21
519,12
520,12
521,12
522,14
523,13
524,15
525,13
526,17
527,14
528,13
529,10
530,18
531,9
532,17
533,16
534,18
535,14
536,9
537,12
538,16
539,11
540,15
541,11
542,9
543,14
544,14
545,14
546,15
547,8
548,3
549,12
550,5
551,5
552,5
553,9
554,4
555,7
556,9
557,4
558,4
559,4
560,4
561,2
562,2
563,2
564,3
565,3
566,4
567,2
568,5
569,2
570,2
571,1
572,2
573,2
574,1
575,6
576,4
577,1
578,1
579,2
580,1
581,0
582,1
583,3
584,2
585,0
586,0
587,1
588,0
589,1
590,0
591,0
592,0
593,1
594,3
595,0
596,4
597,1
598,0
599,0
600,0
601,0
602,0
603,1
604,0
605,0
606,0
607,0
608,0
609,0
610,0
611,0
612,0
613,0
614,0
615,1
616,0
617,1
618,0
619,0
620,0
621,0
622,0
623,0
624,0
625,0
626,0
627,0
628,1
629,0
630,0
631,0
632,1
633,0
634,0
635,0
636,0
637,0
638,1
639,0
640,0
641,1
642,1
643,0
644,0
645,0
646,0
647,0
648,0
649,0
650,0
651,0
652,0
653,0
654,0
655,0
656,0
657,1
658,1
659,0
660,0
661,0
662,0
663,1
664,0
665,1
666,0
667,0
668,0
669,1
670,0
671,0
672,0
673,0
674,0
675,0
676,0
677,0
678,0
679,0
680,0
681,0
682,0
683,0
684,0
685,0
686,0
687,0
688,0
689,0
690,1
691,0
692,0
693,0
694,0
695,0
696,0
697,0
698,0
699,0
700,0
701,0
702,0
703,0
704,0
705,0
706,0
707,0
708,0
709,0
710,0
711,0
712,0
713,0
714,0
715,0
716,0
717,0
718,0
719,0
720,0
721,0
722,1
723,0
724,0
725,0
726,0
727,0
728,0
729,0
730,0
731,0
732,0
733,0
734,0
735,0
736,0
737,0
738,0
739,0
740,0
741,0
742,0
743,0
744,0
745,0
746,0
747,0
748,0
749,0
750,0
751,0
752,0
753,0
754,0
755,0
756,0
757,0
758,0
759,0
760,0
761,0
762,0
763,0
764,0
765,0
766,0
767,0
768,0
769,0
770,0
771,0
772,0
773,0
774,0
775,0
776,0
777,0
778,0
779,0
780,0
781,0
782,0
783,0
784,0
785,0
786,0
787,0
788,0
789,0
790,0
791,0
792,0
793,0
794,0
795,0
796,0
797,0
798,0
799,0
800,0
801,0
802,0
803,0
804,0
805,0
806,0
807,0
808,0
809,0
810,0
811,0
812,0
813,0
814,0
815,0
816,0
817,0
818,0
819,0
820,0
821,0
822,0
823,0
824,0
825,0
826,0
827,0
828,0
829,0
830,0
831,0
832,0
833,0
834,0
835,0
836,0
837,0
838,0
839,0
840,0
841,0
842,0
843,0
844,0
845,0
846,0
847,0
848,0
849,0
850,0
851,0
852,0
853,0
854,0
855,0
856,0
857,0
858,0
859,0
860,0
861,0
862,0
863,0
864,0
865,0
866,0
867,0
868,0
869,0
870,0
871,0
872,0
873,0
874,0
875,0
876,0
877,0
878,0
879,0
880,0
881,0
882,0
883,0
884,0
885,0
886,0
887,0
888,0
889,0
890,0
891,0
892,0
893,0
894,0
895,0
896,0
897,0
898,0
899,0
900,0
901,0
902,0
903,0
904,0
905,0
906,0
907,0
908,0
909,0
910,0
911,0
912,0
913,0
914,0
915,0
916,0
917,0
918,0
919,0
920,0
921,0
922,0
923,0
924,0
925,0
926,0
927,0
928,0
929,0
930,0
931,0
932,0
933,0
934,0
935,0
936,0
937,0
938,0
939,0
940,0
941,0
942,0
943,0
944,0
945,0
946,0
947,0
948,0
949,0
950,0
951,0
952,0
953,0
954,0
955,0
956,0
957,0
958,0
959,0
960,0
961,0
962,0
963,0
964,0
965,0
966,0
967,0
968,0
969,0
970,0
971,0
972,0
973,0
974,0
975,0
976,0
977,0
978,0
979,0
980,0
981,0
982,0
983,0
984,0
985,0
986,0
987,0
988,0
989,0
990,0
991,0
992,0
993,0
994,0
995,0
996,0
997,0
998,0
999,0
1000,0
1001,0
1002,0
1003,0
1004,0
1005,0
1006,0
1007,0
1008,0
1009,0
1010,0
1011,0
1012,0
1013,0
1014,0
1015,0
1016,0
1017,0
1018,0
1019,0
1020,0
1021,0
1022,0
1023,0
