start_date,start_time,live_time,real_time,dead_time,channel,counts
09/11/2026,01:56:38,5400.0,5419.24,0.35503133280681026,1,0
09/11/2026,01:56:38,5400.0,5419.24,0.35503133280681026,2,0
09/11/2026,01:56:38,5400.0,5419.24,0.35503133280681026,3,2
09/11/2026,01:56:38,5400.0,5419.24,0.35503133280681026,4,5684
09/11/2026,01:56:38,5400.0,5419.24,0.35503133280681026,5,3278
09/11/2026,01:56:38,5400.0,5419.24,0.35503133280681026,6,3520
09/11/2026,01:56:38,5400.0,5419.24,0.35503133280681026,7,3452
09/11/2026,01:56:38,5400.0,5419.24,0.35503133280681026,8,3641
09/11/2026,01:56:38,5400.0,5419.24,0.35503133280681026,9,3802
09/11/2026,01:56:38,5400.0,5419.24,0.35503133280681026,10,3884
09/11/2026,01:56:38,5400.0,5419.24,0.35503133280681026,11,4326
09/11/2026,01:56:38,5400.0,5419.24,0.35503133280681026,12,4684
09/11/2026,01:56:38,5400.0,5419.24,0.35503133280681026,13,4783
09/11/2026,01:56:38,5400.0,5419.24,0.35503133280681026,14,4560
09/11/2026,01:56:38,5400.0,5419.24,0.35503133280681026,15,4428
09/11/2026,01:56:38,5400.0,5419.24,0.35503133280681026,16,4385
09/11/2026,01:56:38,5400.0,5419.24,0.35503133280681026,17,4472
09/11/2026,01:56:38,5400.0,5419.24,0.35503133280681026,18,4981
09/11/2026,01:56:38,5400.0,5419.24,0.35503133280681026,19,5215
09/11/2026,01:56:38,5400.0,5419.24,0.35503133280681026,20,5481
09/11/2026,01:56:38,5400.0,5419.24,0.35503133280681026,21,6195
09/11/2026,01:56:38,5400.0,5419.24,0.35503133280681026,22,6978
09/11/2026,01:56:38,5400.0,5419.24,0.35503133280681026,23,7738
09/11/2026,01:56:38,5400.0,5419.24,0.35503133280681026,24,8543
09/11/2026,01:56:38,5400.0,5419.24,0.35503133280681026,25,9004
09/11/2026,01:56:38,5400.0,5419.24,0.35503133280681026,26,9588
09/11/2026,01:56:38,5400.0,5419.24,0.35503133280681026,27,10426
09/11/2026,01:56:38,5400.0,5419.24,0.35503133280681026,28,11287
09/11/2026,01:56:38,5400.0,5419.24,0.35503133280681026,29,12057
09/11/2026,01:56:38,5400.0,5419.24,0.35503133280681026,30,13225
09/11/2026,01:56:38,5400.0,5419.24,0.35503133280681026,31,14077
09/11/2026,01:56:38,5400.0,5419.24,0.35503133280681026,32,15384
09/11/2026,01:56:38,5400.0,5419.24,0.35503133280681026,33,16504
09/11/2026,01:56:38,5400.0,5419.24,0.35503133280681026,34,16938
09/11/2026,01:56:38,5400.0,5419.24,0.35503133280681026,35,17041
09/11/2026,01:56:38,5400.0,5419.24,0.35503133280681026,36,16563
09/11/2026,01:56:38,5400.0,5419.24,0.35503133280681026,37,16363
09/11/2026,01:56:38,5400.0,5419.24,0.35503133280681026,38,16044
09/11/2026,01:56:38,5400.0,5419.24,0.35503133280681026,39,15681
09/11/2026,01:56:38,5400.0,5419.24,0.35503133280681026,40,15706
09/11/2026,01:56:38,5400.0,5419.24,0.35503133280681026,41,16059
09/11/2026,01:56:38,5400.0,5419.24,0.35503133280681026,42,15907
09/11/2026,01:56:38,5400.0,5419.24,0.35503133280681026,43,16180
09/11/2026,01:56:38,5400.0,5419.24,0.35503133280681026,44,16148
09/11/2026,01:56:38,5400.0,5419.24,0.35503133280681026,45,16093
09/11/2026,01:56:38,5400.0,5419.24,0.35503133280681026,46,16633
09/11/2026,01:56:38,5400.0,5419.24,0.35503133280681026,47,16162
09/11/2026,01:56:38,5400.0,5419.24,0.35503133280681026,48,16598
09/11/2026,01:56:38,5400.0,5419.24,0.35503133280681026,49,16331
09/11/2026,01:56:38,5400.0,5419.24,0.35503133280681026,50,16447
09/11/2026,01:56:38,5400.0,5419.24,0.35503133280681026,51,16338
09/11/2026,01:56:38,5400.0,5419.24,0.35503133280681026,52,16229
09/11/2026,01:56:38,5400.0,5419.24,0.35503133280681026,53,16065
09/11/2026,01:56:38,5400.0,5419.24,0.35503133280681026,54,16018
09/11/2026,01:56:38,5400.0,5419.24,0.35503133280681026,55,15623
09/11/2026,01:56:38,5400.0,5419.24,0.35503133280681026,56,15649
09/11/2026,01:56:38,5400.0,5419.24,0.35503133280681026,57,15679
09/11/2026,01:56:38,5400.0,5419.24,0.35503133280681026,58,15303
09/11/2026,01:56:38,5400.0,5419.24,0.35503133280681026,59,15241
09/11/2026,01:56:38,5400.0,5419.24,0.35503133280681026,60,15541
09/11/2026,01:56:38,5400.0,5419.24,0.35503133280681026,61,15484
09/11/2026,01:56:38,5400.0,5419.24,0.35503133280681026,62,15985
09/11/2026,01:56:38,5400.0,5419.24,0.35503133280681026,63,15817
09/11/2026,01:56:38,5400.0,5419.24,0.35503133280681026,64,15495
09/11/2026,01:56:38,5400.0,5419.24,0.35503133280681026,65,15383
09/11/2026,01:56:38,5400.0,5419.24,0.35503133280681026,66,14969
09/11/2026,01:56:38,5400.0,5419.24,0.35503133280681026,67,14335
09/11/2026,01:56:38,5400.0,5419.24,0.35503133280681026,68,13642
09/11/2026,01:56:38,5400.0,5419.24,0.35503133280681026,69,12904
09/11/2026,01:56:38,5400.0,5419.24,0.35503133280681026,70,12402
09/11/2026,01:56:38,5400.0,5419.24,0.35503133280681026,71,11820
09/11/2026,01:56:38,5400.0,5419.24,0.35503133280681026,72,11495
09/11/2026,01:56:38,5400.0,5419.24,0.35503133280681026,73,11380
09/11/2026,01:56:38,5400.0,5419.24,0.35503133280681026,74,10829
09/11/2026,01:56:38,5400.0,5419.24,0.35503133280681026,75,10607
09/11/2026,01:56:38,5400.0,5419.24,0.35503133280681026,76,10464
09/11/2026,01:56:38,5400.0,5419.24,0.35503133280681026,77,10425
09/11/2026,01:56:38,5400.0,5419.24,0.35503133280681026,78,9811
09/11/2026,01:56:38,5400.0,5419.24,0.35503133280681026,79,9814
09/11/2026,01:56:38,5400.0,5419.24,0.35503133280681026,80,9657
09/11/2026,01:56:38,5400.0,5419.24,0.35503133280681026,81,9575
09/11/2026,01:56:38,5400.0,5419.24,0.35503133280681026,82,9407
09/11/2026,01:56:38,5400.0,5419.24,0.35503133280681026,83,9359
09/11/2026,01:56:38,5400.0,5419.24,0.35503133280681026,84,8878
09/11/2026,01:56:38,5400.0,5419.24,0.35503133280681026,85,8966
09/11/2026,01:56:38,5400.0,5419.24,0.35503133280681026,86,8771
09/11/2026,01:56:38,5400.0,5419.24,0.35503133280681026,87,8345
09/11/2026,01:56:38,5400.0,5419.24,0.35503133280681026,88,8439
09/11/2026,01:56:38,5400.0,5419.24,0.35503133280681026,89,8068
09/11/2026,01:56:38,5400.0,5419.24,0.35503133280681026,90,7900
09/11/2026,01:56:38,5400.0,5419.24,0.35503133280681026,91,7831
09/11/2026,01:56:38,5400.0,5419.24,0.35503133280681026,92,7563
09/11/2026,01:56:38,5400.0,5419.24,0.35503133280681026,93,7547
09/11/2026,01:56:38,5400.0,5419.24,0.35503133280681026,94,7222
09/11/2026,01:56:38,5400.0,5419.24,0.35503133280681026,95,7244
09/11/2026,01:56:38,5400.0,5419.24,0.35503133280681026,96,7248
09/11/2026,01:56:38,5400.0,5419.24,0.35503133280681026,97,7115
09/11/2026,01:56:38,5400.0,5419.24,0.35503133280681026,98,6952
09/11/2026,01:56:38,5400.0,5419.24,0.35503133280681026,99,6968
09/11/2026,01:56:38,5400.0,5419.24,0.35503133280681026,100,6803
09/11/2026,01:56:38,5400.0,5419.24,0.35503133280681026,101,6645
09/11/2026,01:56:38,5400.0,5419.24,0.35503133280681026,102,6481
09/11/2026,01:56:38,5400.0,5419.24,0.35503133280681026,103,6301
09/11/2026,01:56:38,5400.0,5419.24,0.35503133280681026,104,6247
09/11/2026,01:56:38,5400.0,5419.24,0.35503133280681026,105,6093
09/11/2026,01:56:38,5400.0,5419.24,0.35503133280681026,106,6000
09/11/2026,01:56:38,5400.0,5419.24,0.35503133280681026,107,5864
09/11/2026,01:56:38,5400.0,5419.24,0.35503133280681026,108,5714
09/11/2026,01:56:38,5400.0,5419.24,0.35503133280681026,109,5615
09/11/2026,01:56:38,5400.0,5419.24,0.35503133280681026,110,5621
09/11/2026,01:56:38,5400.0,5419.24,0.35503133280681026,111,5588
09/11/2026,01:56:38,5400.0,5419.24,0.35503133280681026,112,5430
09/11/2026,01:56:38,5400.0,5419.24,0.35503133280681026,113,5382
09/11/2026,01:56:38,5400.0,5419.24,0.35503133280681026,114,5528
09/11/2026,01:56:38,5400.0,5419.24,0.35503133280681026,115,5386
09/11/2026,01:56:38,5400.0,5419.24,0.35503133280681026,116,5293
09/11/2026,01:56:38,5400.0,5419.24,0.35503133280681026,117,5167
09/11/2026,01:56:38,5400.0,5419.24,0.35503133280681026,118,5156
09/11/2026,01:56:38,5400.0,5419.24,0.35503133280681026,119,5131
09/11/2026,01:56:38,5400.0,5419.24,0.35503133280681026,120,5078
09/11/2026,01:56:38,5400.0,5419.24,0.35503133280681026,121,4907
09/11/2026,01:56:38,5400.0,5419.24,0.35503133280681026,122,4805
09/11/2026,01:56:38,5400.0,5419.24,0.35503133280681026,123,4520
09/11/2026,01:56:38,5400.0,5419.24,0.35503133280681026,124,4266
09/11/2026,01:56:38,5400.0,5419.24,0.35503133280681026,125,4178
09/11/2026,01:56:38,5400.0,5419.24,0.35503133280681026,126,3957
09/11/2026,01:56:38,5400.0,5419.24,0.35503133280681026,127,3829
09/11/2026,01:56:38,5400.0,5419.24,0.35503133280681026,128,3634
09/11/2026,01:56:38,5400.0,5419.24,0.35503133280681026,129,3541
09/11/2026,01:56:38,5400.0,5419.24,0.35503133280681026,130,3427
09/11/2026,01:56:38,5400.0,5419.24,0.35503133280681026,131,3380
09/11/2026,01:56:38,5400.0,5419.24,0.35503133280681026,132,3200
09/11/2026,01:56:38,5400.0,5419.24,0.35503133280681026,133,3216
09/11/2026,01:56:38,5400.0,5419.24,0.35503133280681026,134,3097
09/11/2026,01:56:38,5400.0,5419.24,0.35503133280681026,135,3041
09/11/2026,01:56:38,5400.0,5419.24,0.35503133280681026,136,3070
09/11/2026,01:56:38,5400.0,5419.24,0.35503133280681026,137,2908
09/11/2026,01:56:38,5400.0,5419.24,0.35503133280681026,138,2864
09/11/2026,01:56:38,5400.0,5419.24,0.35503133280681026,139,2877
09/11/2026,01:56:38,5400.0,5419.24,0.35503133280681026,140,2748
09/11/2026,01:56:38,5400.0,5419.24,0.35503133280681026,141,2742
09/11/2026,01:56:38,5400.0,5419.24,0.35503133280681026,142,2798
09/11/2026,01:56:38,5400.0,5419.24,0.35503133280681026,143,2692
09/11/2026,01:56:38,5400.0,5419.24,0.35503133280681026,144,2596
09/11/2026,01:56:38,5400.0,5419.24,0.35503133280681026,145,2660
09/11/2026,01:56:38,5400.0,5419.24,0.35503133280681026,146,2573
09/11/2026,01:56:38,5400.0,5419.24,0.35503133280681026,147,2507
09/11/2026,01:56:38,5400.0,5419.24,0.35503133280681026,148,2514
09/11/2026,01:56:38,5400.0,5419.24,0.35503133280681026,149,2562
09/11/2026,01:56:38,5400.0,5419.24,0.35503133280681026,150,2491
09/11/2026,01:56:38,5400.0,5419.24,0.35503133280681026,151,2473
09/11/2026,01:56:38,5400.0,5419.24,0.35503133280681026,152,2484
09/11/2026,01:56:38,5400.0,5419.24,0.35503133280681026,153,2526
09/11/2026,01:56:38,5400.0,5419.24,0.35503133280681026,154,2480
09/11/2026,01:56:38,5400.0,5419.24,0.35503133280681026,155,2586
09/11/2026,01:56:38,5400.0,5419.24,0.35503133280681026,156,2682
09/11/2026,01:56:38,5400.0,5419.24,0.35503133280681026,157,2701
09/11/2026,01:56:38,5400.0,5419.24,0.35503133280681026,158,2926
09/11/2026,01:56:38,5400.0,5419.24,0.35503133280681026,159,3056
09/11/2026,01:56:38,5400.0,5419.24,0.35503133280681026,160,3328
09/11/2026,01:56:38,5400.0,5419.24,0.35503133280681026,161,3667
09/11/2026,01:56:38,5400.0,5419.24,0.35503133280681026,162,4159
09/11/2026,01:56:38,5400.0,5419.24,0.35503133280681026,163,4285
09/11/2026,01:56:38,5400.0,5419.24,0.35503133280681026,164,4836
09/11/2026,01:56:38,5400.0,5419.24,0.35503133280681026,165,5366
09/11/2026,01:56:38,5400.0,5419.24,0.35503133280681026,166,5635
09/11/2026,01:56:38,5400.0,5419.24,0.35503133280681026,167,5972
09/11/2026,01:56:38,5400.0,5419.24,0.35503133280681026,168,6328
09/11/2026,01:56:38,5400.0,5419.24,0.35503133280681026,169,6508
09/11/2026,01:56:38,5400.0,5419.24,0.35503133280681026,170,6762
09/11/2026,01:56:38,5400.0,5419.24,0.35503133280681026,171,6700
09/11/2026,01:56:38,5400.0,5419.24,0.35503133280681026,172,6636
09/11/2026,01:56:38,5400.0,5419.24,0.35503133280681026,173,6425
09/11/2026,01:56:38,5400.0,5419.24,0.35503133280681026,174,6176
09/11/2026,01:56:38,5400.0,5419.24,0.35503133280681026,175,5770
09/11/2026,01:56:38,5400.0,5419.24,0.35503133280681026,176,5493
09/11/2026,01:56:38,5400.0,5419.24,0.35503133280681026,177,4906
09/11/2026,01:56:38,5400.0,5419.24,0.35503133280681026,178,4505
09/11/2026,01:56:38,5400.0,5419.24,0.35503133280681026,179,4022
09/11/2026,01:56:38,5400.0,5419.24,0.35503133280681026,180,3491
09/11/2026,01:56:38,5400.0,5419.24,0.35503133280681026,181,3298
09/11/2026,01:56:38,5400.0,5419.24,0.35503133280681026,182,2915
09/11/2026,01:56:38,5400.0,5419.24,0.35503133280681026,183,2724
09/11/2026,01:56:38,5400.0,5419.24,0.35503133280681026,184,2435
09/11/2026,01:56:38,5400.0,5419.24,0.35503133280681026,185,2234
09/11/2026,01:56:38,5400.0,5419.24,0.35503133280681026,186,1982
09/11/2026,01:56:38,5400.0,5419.24,0.35503133280681026,187,2015
09/11/2026,01:56:38,5400.0,5419.24,0.35503133280681026,188,1936
09/11/2026,01:56:38,5400.0,5419.24,0.35503133280681026,189,1919
09/11/2026,01:56:38,5400.0,5419.24,0.35503133280681026,190,1898
09/11/2026,01:56:38,5400.0,5419.24,0.35503133280681026,191,1871
09/11/2026,01:56:38,5400.0,5419.24,0.35503133280681026,192,1844
09/11/2026,01:56:38,5400.0,5419.24,0.35503133280681026,193,1969
09/11/2026,01:56:38,5400.0,5419.24,0.35503133280681026,194,2050
09/11/2026,01:56:38,5400.0,5419.24,0.35503133280681026,195,2007
09/11/2026,01:56:38,5400.0,5419.24,0.35503133280681026,196,1972
09/11/2026,01:56:38,5400.0,5419.24,0.35503133280681026,197,1995
09/11/2026,01:56:38,5400.0,5419.24,0.35503133280681026,198,2040
09/11/2026,01:56:38,5400.0,5419.24,0.35503133280681026,199,2039
09/11/2026,01:56:38,5400.0,5419.24,0.35503133280681026,200,2059
09/11/2026,01:56:38,5400.0,5419.24,0.35503133280681026,201,1974
09/11/2026,01:56:38,5400.0,5419.24,0.35503133280681026,202,2060
09/11/2026,01:56:38,5400.0,5419.24,0.35503133280681026,203,2081
09/11/2026,01:56:38,5400.0,5419.24,0.35503133280681026,204,1877
09/11/2026,01:56:38,5400.0,5419.24,0.35503133280681026,205,1800
09/11/2026,01:56:38,5400.0,5419.24,0.35503133280681026,206,1783
09/11/2026,01:56:38,5400.0,5419.24,0.35503133280681026,207,1750
09/11/2026,01:56:38,5400.0,5419.24,0.35503133280681026,208,1701
09/11/2026,01:56:38,5400.0,5419.24,0.35503133280681026,209,1634
09/11/2026,01:56:38,5400.0,5419.24,0.35503133280681026,210,1538
09/11/2026,01:56:38,5400.0,5419.24,0.35503133280681026,211,1521
09/11/2026,01:56:38,5400.0,5419.24,0.35503133280681026,212,1474
09/11/2026,01:56:38,5400.0,5419.24,0.35503133280681026,213,1368
09/11/2026,01:56:38,5400.0,5419.24,0.35503133280681026,214,1384
09/11/2026,01:56:38,5400.0,5419.24,0.35503133280681026,215,1286
09/11/2026,01:56:38,5400.0,5419.24,0.35503133280681026,216,1201
09/11/2026,01:56:38,5400.0,5419.24,0.35503133280681026,217,1183
09/11/2026,01:56:38,5400.0,5419.24,0.35503133280681026,218,1158
09/11/2026,01:56:38,5400.0,5419.24,0.35503133280681026,219,1136
09/11/2026,01:56:38,5400.0,5419.24,0.35503133280681026,220,1109
09/11/2026,01:56:38,5400.0,5419.24,0.35503133280681026,221,1120
09/11/2026,01:56:38,5400.0,5419.24,0.35503133280681026,222,1146
09/11/2026,01:56:38,5400.0,5419.24,0.35503133280681026,223,1097
09/11/2026,01:56:38,5400.0,5419.24,0.35503133280681026,224,1129
09/11/2026,01:56:38,5400.0,5419.24,0.35503133280681026,225,1034
09/11/2026,01:56:38,5400.0,5419.24,0.35503133280681026,226,1063
09/11/2026,01:56:38,5400.0,5419.24,0.35503133280681026,227,1114
09/11/2026,01:56:38,5400.0,5419.24,0.35503133280681026,228,1080
09/11/2026,01:56:38,5400.0,5419.24,0.35503133280681026,229,1093
09/11/2026,01:56:38,5400.0,5419.24,0.35503133280681026,230,1079
09/11/2026,01:56:38,5400.0,5419.24,0.35503133280681026,231,1140
09/11/2026,01:56:38,5400.0,5419.24,0.35503133280681026,232,1128
09/11/2026,01:56:38,5400.0,5419.24,0.35503133280681026,233,1124
09/11/2026,01:56:38,5400.0,5419.24,0.35503133280681026,234,1049
09/11/2026,01:56:38,5400.0,5419.24,0.35503133280681026,235,1105
09/11/2026,01:56:38,5400.0,5419.24,0.35503133280681026,236,1045
09/11/2026,01:56:38,5400.0,5419.24,0.35503133280681026,237,1040
09/11/2026,01:56:38,5400.0,5419.24,0.35503133280681026,238,1068
09/11/2026,01:56:38,5400.0,5419.24,0.35503133280681026,239,1034
09/11/2026,01:56:38,5400.0,5419.24,0.35503133280681026,240,1047
09/11/2026,01:56:38,5400.0,5419.24,0.35503133280681026,241,1040
09/11/2026,01:56:38,5400.0,5419.24,0.35503133280681026,242,1093
09/11/2026,01:56:38,5400.0,5419.24,0.35503133280681026,243,1046
09/11/2026,01:56:38,5400.0,5419.24,0.35503133280681026,244,1045
09/11/2026,01:56:38,5400.0,5419.24,0.35503133280681026,245,968
09/11/2026,01:56:38,5400.0,5419.24,0.35503133280681026,246,1013
09/11/2026,01:56:38,5400.0,5419.24,0.35503133280681026,247,1078
09/11/2026,01:56:38,5400.0,5419.24,0.35503133280681026,248,1071
09/11/2026,01:56:38,5400.0,5419.24,0.35503133280681026,249,1039
09/11/2026,01:56:38,5400.0,5419.24,0.35503133280681026,250,1089
09/11/2026,01:56:38,5400.0,5419.24,0.35503133280681026,251,1029
09/11/2026,01:56:38,5400.0,5419.24,0.35503133280681026,252,1028
09/11/2026,01:56:38,5400.0,5419.24,0.35503133280681026,253,982
09/11/2026,01:56:38,5400.0,5419.24,0.35503133280681026,254,979
09/11/2026,01:56:38,5400.0,5419.24,0.35503133280681026,255,976
09/11/2026,01:56:38,5400.0,5419.24,0.35503133280681026,256,1015
09/11/2026,01:56:38,5400.0,5419.24,0.35503133280681026,257,937
09/11/2026,01:56:38,5400.0,5419.24,0.35503133280681026,258,977
09/11/2026,01:56:38,5400.0,5419.24,0.35503133280681026,259,906
09/11/2026,01:56:38,5400.0,5419.24,0.35503133280681026,260,963
09/11/2026,01:56:38,5400.0,5419.24,0.35503133280681026,261,909
09/11/2026,01:56:38,5400.0,5419.24,0.35503133280681026,262,888
09/11/2026,01:56:38,5400.0,5419.24,0.35503133280681026,263,916
09/11/2026,01:56:38,5400.0,5419.24,0.35503133280681026,264,938
09/11/2026,01:56:38,5400.0,5419.24,0.35503133280681026,265,945
09/11/2026,01:56:38,5400.0,5419.24,0.35503133280681026,266,859
09/11/2026,01:56:38,5400.0,5419.24,0.35503133280681026,267,924
09/11/2026,01:56:38,5400.0,5419.24,0.35503133280681026,268,1042
09/11/2026,01:56:38,5400.0,5419.24,0.35503133280681026,269,969
09/11/2026,01:56:38,5400.0,5419.24,0.35503133280681026,270,986
09/11/2026,01:56:38,5400.0,5419.24,0.35503133280681026,271,1041
09/11/2026,01:56:38,5400.0,5419.24,0.35503133280681026,272,1015
09/11/2026,01:56:38,5400.0,5419.24,0.35503133280681026,273,1027
09/11/2026,01:56:38,5400.0,5419.24,0.35503133280681026,274,1077
09/11/2026,01:56:38,5400.0,5419.24,0.35503133280681026,275,1009
09/11/2026,01:56:38,5400.0,5419.24,0.35503133280681026,276,1051
09/11/2026,01:56:38,5400.0,5419.24,0.35503133280681026,277,1135
09/11/2026,01:56:38,5400.0,5419.24,0.35503133280681026,278,1072
09/11/2026,01:56:38,5400.0,5419.24,0.35503133280681026,279,1137
09/11/2026,01:56:38,5400.0,5419.24,0.35503133280681026,280,1163
09/11/2026,01:56:38,5400.0,5419.24,0.35503133280681026,281,1115
09/11/2026,01:56:38,5400.0,5419.24,0.35503133280681026,282,1198
09/11/2026,01:56:38,5400.0,5419.24,0.35503133280681026,283,1246
09/11/2026,01:56:38,5400.0,5419.24,0.35503133280681026,284,1269
09/11/2026,01:56:38,5400.0,5419.24,0.35503133280681026,285,1287
09/11/2026,01:56:38,5400.0,5419.24,0.35503133280681026,286,1314
09/11/2026,01:56:38,5400.0,5419.24,0.35503133280681026,287,1295
09/11/2026,01:56:38,5400.0,5419.24,0.35503133280681026,288,1434
09/11/2026,01:56:38,5400.0,5419.24,0.35503133280681026,289,1404
09/11/2026,01:56:38,5400.0,5419.24,0.35503133280681026,290,1540
09/11/2026,01:56:38,5400.0,5419.24,0.35503133280681026,291,1516
09/11/2026,01:56:38,5400.0,5419.24,0.35503133280681026,292,1561
09/11/2026,01:56:38,5400.0,5419.24,0.35503133280681026,293,1568
09/11/2026,01:56:38,5400.0,5419.24,0.35503133280681026,294,1668
09/11/2026,01:56:38,5400.0,5419.24,0.35503133280681026,295,1665
09/11/2026,01:56:38,5400.0,5419.24,0.35503133280681026,296,1672
09/11/2026,01:56:38,5400.0,5419.24,0.35503133280681026,297,1715
09/11/2026,01:56:38,5400.0,5419.24,0.35503133280681026,298,1691
09/11/2026,01:56:38,5400.0,5419.24,0.35503133280681026,299,1675
09/11/2026,01:56:38,5400.0,5419.24,0.35503133280681026,300,1650
09/11/2026,01:56:38,5400.0,5419.24,0.35503133280681026,301,1701
09/11/2026,01:56:38,5400.0,5419.24,0.35503133280681026,302,1665
09/11/2026,01:56:38,5400.0,5419.24,0.35503133280681026,303,1733
09/11/2026,01:56:38,5400.0,5419.24,0.35503133280681026,304,1699
09/11/2026,01:56:38,5400.0,5419.24,0.35503133280681026,305,1699
09/11/2026,01:56:38,5400.0,5419.24,0.35503133280681026,306,1785
09/11/2026,01:56:38,5400.0,5419.24,0.35503133280681026,307,1811
09/11/2026,01:56:38,5400.0,5419.24,0.35503133280681026,308,1846
09/11/2026,01:56:38,5400.0,5419.24,0.35503133280681026,309,1861
09/11/2026,01:56:38,5400.0,5419.24,0.35503133280681026,310,1866
09/11/2026,01:56:38,5400.0,5419.24,0.35503133280681026,311,1863
09/11/2026,01:56:38,5400.0,5419.24,0.35503133280681026,312,1875
09/11/2026,01:56:38,5400.0,5419.24,0.35503133280681026,313,1892
09/11/2026,01:56:38,5400.0,5419.24,0.35503133280681026,314,1923
09/11/2026,01:56:38,5400.0,5419.24,0.35503133280681026,315,1947
09/11/2026,01:56:38,5400.0,5419.24,0.35503133280681026,316,1890
09/11/2026,01:56:38,5400.0,5419.24,0.35503133280681026,317,2168
09/11/2026,01:56:38,5400.0,5419.24,0.35503133280681026,318,2235
09/11/2026,01:56:38,5400.0,5419.24,0.35503133280681026,319,2524
09/11/2026,01:56:38,5400.0,5419.24,0.35503133280681026,320,2817
09/11/2026,01:56:38,5400.0,5419.24,0.35503133280681026,321,3135
09/11/2026,01:56:38,5400.0,5419.24,0.35503133280681026,322,3461
09/11/2026,01:56:38,5400.0,5419.24,0.35503133280681026,323,3834
09/11/2026,01:56:38,5400.0,5419.24,0.35503133280681026,324,4500
09/11/2026,01:56:38,5400.0,5419.24,0.35503133280681026,325,4677
09/11/2026,01:56:38,5400.0,5419.24,0.35503133280681026,326,4856
09/11/2026,01:56:38,5400.0,5419.24,0.35503133280681026,327,4633
09/11/2026,01:56:38,5400.0,5419.24,0.35503133280681026,328,4455
09/11/2026,01:56:38,5400.0,5419.24,0.35503133280681026,329,4052
09/11/2026,01:56:38,5400.0,5419.24,0.35503133280681026,330,3313
09/11/2026,01:56:38,5400.0,5419.24,0.35503133280681026,331,2942
09/11/2026,01:56:38,5400.0,5419.24,0.35503133280681026,332,2213
09/11/2026,01:56:38,5400.0,5419.24,0.35503133280681026,333,1744
09/11/2026,01:56:38,5400.0,5419.24,0.35503133280681026,334,1209
09/11/2026,01:56:38,5400.0,5419.24,0.35503133280681026,335,888
09/11/2026,01:56:38,5400.0,5419.24,0.35503133280681026,336,744
09/11/2026,01:56:38,5400.0,5419.24,0.35503133280681026,337,537
09/11/2026,01:56:38,5400.0,5419.24,0.35503133280681026,338,439
09/11/2026,01:56:38,5400.0,5419.24,0.35503133280681026,339,339
09/11/2026,01:56:38,5400.0,5419.24,0.35503133280681026,340,300
09/11/2026,01:56:38,5400.0,5419.24,0.35503133280681026,341,321
09/11/2026,01:56:38,5400.0,5419.24,0.35503133280681026,342,318
09/11/2026,01:56:38,5400.0,5419.24,0.35503133280681026,343,301
09/11/2026,01:56:38,5400.0,5419.24,0.35503133280681026,344,316
09/11/2026,01:56:38,5400.0,5419.24,0.35503133280681026,345,287
09/11/2026,01:56:38,5400.0,5419.24,0.35503133280681026,346,303
09/11/2026,01:56:38,5400.0,5419.24,0.35503133280681026,347,296
09/11/2026,01:56:38,5400.0,5419.24,0.35503133280681026,348,277
09/11/2026,01:56:38,5400.0,5419.24,0.35503133280681026,349,283
09/11/2026,01:56:38,5400.0,5419.24,0.35503133280681026,350,305
09/11/2026,01:56:38,5400.0,5419.24,0.35503133280681026,351,293
09/11/2026,01:56:38,5400.0,5419.24,0.35503133280681026,352,294
09/11/2026,01:56:38,5400.0,5419.24,0.35503133280681026,353,285
09/11/2026,01:56:38,5400.0,5419.24,0.35503133280681026,354,274
09/11/2026,01:56:38,5400.0,5419.24,0.35503133280681026,355,290
09/11/2026,01:56:38,5400.0,5419.24,0.35503133280681026,356,310
09/11/2026,01:56:38,5400.0,5419.24,0.35503133280681026,357,271
09/11/2026,01:56:38,5400.0,5419.24,0.35503133280681026,358,275
09/11/2026,01:56:38,5400.0,5419.24,0.35503133280681026,359,255
09/11/2026,01:56:38,5400.0,5419.24,0.35503133280681026,360,239
09/11/2026,01:56:38,5400.0,5419.24,0.35503133280681026,361,228
09/11/2026,01:56:38,5400.0,5419.24,0.35503133280681026,362,218
09/11/2026,01:56:38,5400.0,5419.24,0.35503133280681026,363,207
09/11/2026,01:56:38,5400.0,5419.24,0.35503133280681026,364,215
09/11/2026,01:56:38,5400.0,5419.24,0.35503133280681026,365,208
09/11/2026,01:56:38,5400.0,5419.24,0.35503133280681026,366,181
09/11/2026,01:56:38,5400.0,5419.24,0.35503133280681026,367,176
09/11/2026,01:56:38,5400.0,5419.24,0.35503133280681026,368,173
09/11/2026,01:56:38,5400.0,5419.24,0.35503133280681026,369,164
09/11/2026,01:56:38,5400.0,5419.24,0.35503133280681026,370,157
09/11/2026,01:56:38,5400.0,5419.24,0.35503133280681026,371,150
09/11/2026,01:56:38,5400.0,5419.24,0.35503133280681026,372,151
09/11/2026,01:56:38,5400.0,5419.24,0.35503133280681026,373,153
09/11/2026,01:56:38,5400.0,5419.24,0.35503133280681026,374,144
09/11/2026,01:56:38,5400.0,5419.24,0.35503133280681026,375,143
09/11/2026,01:56:38,5400.0,5419.24,0.35503133280681026,376,163
09/11/2026,01:56:38,5400.0,5419.24,0.35503133280681026,377,146
09/11/2026,01:56:38,5400.0,5419.24,0.35503133280681026,378,125
09/11/2026,01:56:38,5400.0,5419.24,0.35503133280681026,379,130
09/11/2026,01:56:38,5400.0,5419.24,0.35503133280681026,380,130
09/11/2026,01:56:38,5400.0,5419.24,0.35503133280681026,381,149
09/11/2026,01:56:38,5400.0,5419.24,0.35503133280681026,382,131
09/11/2026,01:56:38,5400.0,5419.24,0.35503133280681026,383,133
09/11/2026,01:56:38,5400.0,5419.24,0.35503133280681026,384,106
09/11/2026,01:56:38,5400.0,5419.24,0.35503133280681026,385,137
09/11/2026,01:56:38,5400.0,5419.24,0.35503133280681026,386,121
09/11/2026,01:56:38,5400.0,5419.24,0.35503133280681026,387,129
09/11/2026,01:56:38,5400.0,5419.24,0.35503133280681026,388,124
09/11/2026,01:56:38,5400.0,5419.24,0.35503133280681026,389,125
09/11/2026,01:56:38,5400.0,5419.24,0.35503133280681026,390,117
09/11/2026,01:56:38,5400.0,5419.24,0.35503133280681026,391,119
09/11/2026,01:56:38,5400.0,5419.24,0.35503133280681026,392,110
09/11/2026,01:56:38,5400.0,5419.24,0.35503133280681026,393,91
09/11/2026,01:56:38,5400.0,5419.24,0.35503133280681026,394,119
09/11/2026,01:56:38,5400.0,5419.24,0.35503133280681026,395,100
09/11/2026,01:56:38,5400.0,5419.24,0.35503133280681026,396,74
09/11/2026,01:56:38,5400.0,5419.24,0.35503133280681026,397,75
09/11/2026,01:56:38,5400.0,5419.24,0.35503133280681026,398,76
09/11/2026,01:56:38,5400.0,5419.24,0.35503133280681026,399,69
09/11/2026,01:56:38,5400.0,5419.24,0.35503133280681026,400,48
09/11/2026,01:56:38,5400.0,5419.24,0.35503133280681026,401,58
09/11/2026,01:56:38,5400.0,5419.24,0.35503133280681026,402,46
09/11/2026,01:56:38,5400.0,5419.24,0.35503133280681026,403,33
09/11/2026,01:56:38,5400.0,5419.24,0.35503133280681026,404,36
09/11/2026,01:56:38,5400.0,5419.24,0.35503133280681026,405,33
09/11/2026,01:56:38,5400.0,5419.24,0.35503133280681026,406,31
09/11/2026,01:56:38,5400.0,5419.24,0.35503133280681026,407,28
09/11/2026,01:56:38,5400.0,5419.24,0.35503133280681026,408,32
09/11/2026,01:56:38,5400.0,5419.24,0.35503133280681026,409,24
09/11/2026,01:56:38,5400.0,5419.24,0.35503133280681026,410,22
09/11/2026,01:56:38,5400.0,5419.24,0.35503133280681026,411,18
09/11/2026,01:56:38,5400.0,5419.24,0.35503133280681026,412,19
09/11/2026,01:56:38,5400.0,5419.24,0.35503133280681026,413,27
09/11/2026,01:56:38,5400.0,5419.24,0.35503133280681026,414,24
09/11/2026,01:56:38,5400.0,5419.24,0.35503133280681026,415,18
09/11/2026,01:56:38,5400.0,5419.24,0.35503133280681026,416,13
09/11/2026,01:56:38,5400.0,5419.24,0.35503133280681026,417,11
09/11/2026,01:56:38,5400.0,5419.24,0.35503133280681026,418,21
09/11/2026,01:56:38,5400.0,5419.24,0.35503133280681026,419,24
09/11/2026,01:56:38,5400.0,5419.24,0.35503133280681026,420,19
09/11/2026,01:56:38,5400.0,5419.24,0.35503133280681026,421,11
09/11/2026,01:56:38,5400.0,5419.24,0.35503133280681026,422,17
09/11/2026,01:56:38,5400.0,5419.24,0.35503133280681026,423,19
09/11/2026,01:56:38,5400.0,5419.24,0.35503133280681026,424,26
09/11/2026,01:56:38,5400.0,5419.24,0.35503133280681026,425,9
09/11/2026,01:56:38,5400.0,5419.24,0.35503133280681026,426,15
09/11/2026,01:56:38,5400.0,5419.24,0.35503133280681026,427,12
09/11/2026,01:56:38,5400.0,5419.24,0.35503133280681026,428,10
09/11/2026,01:56:38,5400.0,5419.24,0.35503133280681026,429,11
09/11/2026,01:56:38,5400.0,5419.24,0.35503133280681026,430,16
09/11/2026,01:56:38,5400.0,5419.24,0.35503133280681026,431,13
09/11/2026,01:56:38,5400.0,5419.24,0.35503133280681026,432,16
09/11/2026,01:56:38,5400.0,5419.24,0.35503133280681026,433,15
09/11/2026,01:56:38,5400.0,5419.24,0.35503133280681026,434,17
09/11/2026,01:56:38,5400.0,5419.24,0.35503133280681026,435,15
09/11/2026,01:56:38,5400.0,5419.24,0.35503133280681026,436,17
09/11/2026,01:56:38,5400.0,5419.24,0.35503133280681026,437,16
09/11/2026,01:56:38,5400.0,5419.24,0.35503133280681026,438,11
09/11/2026,01:56:38,5400.0,5419.24,0.35503133280681026,439,20
09/11/2026,01:56:38,5400.0,5419.24,0.35503133280681026,440,20
09/11/2026,01:56:38,5400.0,5419.24,0.35503133280681026,441,15
09/11/2026,01:56:38,5400.0,5419.24,0.35503133280681026,442,15
09/11/2026,01:56:38,5400.0,5419.24,0.35503133280681026,443,16
09/11/2026,01:56:38,5400.0,5419.24,0.35503133280681026,444,19
09/11/2026,01:56:38,5400.0,5419.24,0.35503133280681026,445,13
09/11/2026,01:56:38,5400.0,5419.24,0.35503133280681026,446,22
09/11/2026,01:56:38,5400.0,5419.24,0.35503133280681026,447,24
09/11/2026,01:56:38,5400.0,5419.24,0.35503133280681026,448,17
09/11/2026,01:56:38,5400.0,5419.24,0.35503133280681026,449,20
09/11/2026,01:56:38,5400.0,5419.24,0.35503133280681026,450,12
09/11/2026,01:56:38,5400.0,5419.24,0.35503133280681026,451,20
09/11/2026,01:56:38,5400.0,5419.24,0.35503133280681026,452,18
09/11/2026,01:56:38,5400.0,5419.24,0.35503133280681026,453,13
09/11/2026,01:56:38,5400.0,5419.24,0.35503133280681026,454,15
09/11/2026,01:56:38,5400.0,5419.24,0.35503133280681026,455,14
09/11/2026,01:56:38,5400.0,5419.24,0.35503133280681026,456,20
09/11/2026,01:56:38,5400.0,5419.24,0.35503133280681026,457,17
09/11/2026,01:56:38,5400.0,5419.24,0.35503133280681026,458,20
09/11/2026,01:56:38,5400.0,5419.24,0.35503133280681026,459,26
09/11/2026,01:56:38,5400.0,5419.24,0.35503133280681026,460,28
09/11/2026,01:56:38,5400.0,5419.24,0.35503133280681026,461,16
09/11/2026,01:56:38,5400.0,5419.24,0.35503133280681026,462,19
09/11/2026,01:56:38,5400.0,5419.24,0.35503133280681026,463,21
09/11/2026,01:56:38,5400.0,5419.24,0.35503133280681026,464,13
09/11/2026,01:56:38,5400.0,5419.24,0.35503133280681026,465,22
09/11/2026,01:56:38,5400.0,5419.24,0.35503133280681026,466,18
09/11/2026,01:56:38,5400.0,5419.24,0.35503133280681026,467,16
09/11/2026,01:56:38,5400.0,5419.24,0.35503133280681026,468,16
09/11/2026,01:56:38,5400.0,5419.24,0.35503133280681026,469,21
09/11/2026,01:56:38,5400.0,5419.24,0.35503133280681026,470,28
09/11/2026,01:56:38,5400.0,5419.24,0.35503133280681026,471,21
09/11/2026,01:56:38,5400.0,5419.24,0.35503133280681026,472,25
09/11/2026,01:56:38,5400.0,5419.24,0.35503133280681026,473,18
09/11/2026,01:56:38,5400.0,5419.24,0.35503133280681026,474,26
09/11/2026,01:56:38,5400.0,5419.24,0.35503133280681026,475,34
09/11/2026,01:56:38,5400.0,5419.24,0.35503133280681026,476,26
09/11/2026,01:56:38,5400.0,5419.24,0.35503133280681026,477,20
09/11/2026,01:56:38,5400.0,5419.24,0.35503133280681026,478,23
09/11/2026,01:56:38,5400.0,5419.24,0.35503133280681026,479,22
09/11/2026,01:56:38,5400.0,5419.24,0.35503133280681026,480,31
09/11/2026,01:56:38,5400.0,5419.24,0.35503133280681026,481,18
09/11/2026,01:56:38,5400.0,5419.24,0.35503133280681026,482,24
09/11/2026,01:56:38,5400.0,5419.24,0.35503133280681026,483,21
09/11/2026,01:56:38,5400.0,5419.24,0.35503133280681026,484,28
09/11/2026,01:56:38,5400.0,5419.24,0.35503133280681026,485,18
09/11/2026,01:56:38,5400.0,5419.24,0.35503133280681026,486,24
09/11/2026,01:56:38,5400.0,5419.24,0.35503133280681026,487,22
09/11/2026,01:56:38,5400.0,5419.24,0.35503133280681026,488,19
09/11/2026,01:56:38,5400.0,5419.24,0.35503133280681026,489,23
09/11/2026,01:56:38,5400.0,5419.24,0.35503133280681026,490,22
09/11/2026,01:56:38,5400.0,5419.24,0.35503133280681026,491,26
09/11/2026,01:56:38,5400.0,5419.24,0.35503133280681026,492,26
09/11/2026,01:56:38,5400.0,5419.24,0.35503133280681026,493,20
09/11/2026,01:56:38,5400.0,5419.24,0.35503133280681026,494,18
09/11/2026,01:56:38,5400.0,5419.24,0.35503133280681026,495,25
09/11/2026,01:56:38,5400.0,5419.24,0.35503133280681026,496,30
09/11/2026,01:56:38,5400.0,5419.24,0.35503133280681026,497,28
09/11/2026,01:56:38,5400.0,5419.24,0.35503133280681026,498,24
09/11/2026,01:56:38,5400.0,5419.24,0.35503133280681026,499,23
09/11/2026,01:56:38,5400.0,5419.24,0.35503133280681026,500,22
09/11/2026,01:56:38,5400.0,5419.24,0.35503133280681026,501,24
09/11/2026,01:56:38,5400.0,5419.24,0.35503133280681026,502,21
09/11/2026,01:56:38,5400.0,5419.24,0.35503133280681026,503,30
09/11/2026,01:56:38,5400.0,5419.24,0.35503133280681026,504,28
09/11/2026,01:56:38,5400.0,5419.24,0.35503133280681026,505,24
09/11/2026,01:56:38,5400.0,5419.24,0.35503133280681026,506,23
09/11/2026,01:56:38,5400.0,5419.24,0.35503133280681026,507,23
09/11/2026,01:56:38,5400.0,5419.24,0.35503133280681026,508,24
09/11/2026,01:56:38,5400.0,5419.24,0.35503133280681026,509,38
09/11/2026,01:56:38,5400.0,5419.24,0.35503133280681026,510,25
09/11/2026,01:56:38,5400.0,5419.24,0.35503133280681026,511,18
09/11/2026,01:56:38,5400.0,5419.24,0.35503133280681026,512,26
09/11/2026,01:56:38,5400.0,5419.24,0.35503133280681026,513,21
09/11/2026,01:56:38,5400.0,5419.24,0.35503133280681026,514,34
09/11/2026,01:56:38,5400.0,5419.24,0.35503133280681026,515,33
09/11/2026,01:56:38,5400.0,5419.24,0.35503133280681026,516,28
09/11/2026,01:56:38,5400.0,5419.24,0.35503133280681026,517,29
09/11/2026,01:56:38,5400.0,5419.24,0.35503133280681026,518,28
09/11/2026,01:56:38,5400.0,5419.24,0.35503133280681026,519,32
09/11/2026,01:56:38,5400.0,5419.24,0.35503133280681026,520,30
09/11/2026,01:56:38,5400.0,5419.24,0.35503133280681026,521,42
09/11/2026,01:56:38,5400.0,5419.24,0.35503133280681026,522,42
09/11/2026,01:56:38,5400.0,5419.24,0.35503133280681026,523,48
09/11/2026,01:56:38,5400.0,5419.24,0.35503133280681026,524,42
09/11/2026,01:56:38,5400.0,5419.24,0.35503133280681026,525,38
09/11/2026,01:56:38,5400.0,5419.24,0.35503133280681026,526,41
09/11/2026,01:56:38,5400.0,5419.24,0.35503133280681026,527,50
09/11/2026,01:56:38,5400.0,5419.24,0.35503133280681026,528,42
09/11/2026,01:56:38,5400.0,5419.24,0.35503133280681026,529,44
09/11/2026,01:56:38,5400.0,5419.24,0.35503133280681026,530,44
09/11/2026,01:56:38,5400.0,5419.24,0.35503133280681026,531,41
09/11/2026,01:56:38,5400.0,5419.24,0.35503133280681026,532,34
09/11/2026,01:56:38,5400.0,5419.24,0.35503133280681026,533,51
09/11/2026,01:56:38,5400.0,5419.24,0.35503133280681026,534,54
09/11/2026,01:56:38,5400.0,5419.24,0.35503133280681026,535,51
09/11/2026,01:56:38,5400.0,5419.24,0.35503133280681026,536,53
09/11/2026,01:56:38,5400.0,5419.24,0.35503133280681026,537,40
09/11/2026,01:56:38,5400.0,5419.24,0.35503133280681026,538,48
09/11/2026,01:56:38,5400.0,5419.24,0.35503133280681026,539,36
09/11/2026,01:56:38,5400.0,5419.24,0.35503133280681026,540,35
09/11/2026,01:56:38,5400.0,5419.24,0.35503133280681026,541,42
09/11/2026,01:56:38,5400.0,5419.24,0.35503133280681026,542,35
09/11/2026,01:56:38,5400.0,5419.24,0.35503133280681026,543,34
09/11/2026,01:56:38,5400.0,5419.24,0.35503133280681026,544,35
09/11/2026,01:56:38,5400.0,5419.24,0.35503133280681026,545,35
09/11/2026,01:56:38,5400.0,5419.24,0.35503133280681026,546,25
09/11/2026,01:56:38,5400.0,5419.24,0.35503133280681026,547,39
09/11/2026,01:56:38,5400.0,5419.24,0.35503133280681026,548,25
09/11/2026,01:56:38,5400.0,5419.24,0.35503133280681026,549,18
09/11/2026,01:56:38,5400.0,5419.24,0.35503133280681026,550,21
09/11/2026,01:56:38,5400.0,5419.24,0.35503133280681026,551,15
09/11/2026,01:56:38,5400.0,5419.24,0.35503133280681026,552,19
09/11/2026,01:56:38,5400.0,5419.24,0.35503133280681026,553,20
09/11/2026,01:56:38,5400.0,5419.24,0.35503133280681026,554,16
09/11/2026,01:56:38,5400.0,5419.24,0.35503133280681026,555,14
09/11/2026,01:56:38,5400.0,5419.24,0.35503133280681026,556,20
09/11/2026,01:56:38,5400.0,5419.24,0.35503133280681026,557,10
09/11/2026,01:56:38,5400.0,5419.24,0.35503133280681026,558,10
09/11/2026,01:56:38,5400.0,5419.24,0.35503133280681026,559,15
09/11/2026,01:56:38,5400.0,5419.24,0.35503133280681026,560,14
09/11/2026,01:56:38,5400.0,5419.24,0.35503133280681026,561,9
09/11/2026,01:56:38,5400.0,5419.24,0.35503133280681026,562,11
09/11/2026,01:56:38,5400.0,5419.24,0.35503133280681026,563,9
09/11/2026,01:56:38,5400.0,5419.24,0.35503133280681026,564,12
09/11/2026,01:56:38,5400.0,5419.24,0.35503133280681026,565,4
09/11/2026,01:56:38,5400.0,5419.24,0.35503133280681026,566,7
09/11/2026,01:56:38,5400.0,5419.24,0.35503133280681026,567,4
09/11/2026,01:56:38,5400.0,5419.24,0.35503133280681026,568,9
09/11/2026,01:56:38,5400.0,5419.24,0.35503133280681026,569,3
09/11/2026,01:56:38,5400.0,5419.24,0.35503133280681026,570,10
09/11/2026,01:56:38,5400.0,5419.24,0.35503133280681026,571,6
09/11/2026,01:56:38,5400.0,5419.24,0.35503133280681026,572,5
09/11/2026,01:56:38,5400.0,5419.24,0.35503133280681026,573,5
09/11/2026,01:56:38,5400.0,5419.24,0.35503133280681026,574,3
09/11/2026,01:56:38,5400.0,5419.24,0.35503133280681026,575,7
09/11/2026,01:56:38,5400.0,5419.24,0.35503133280681026,576,4
09/11/2026,01:56:38,5400.0,5419.24,0.35503133280681026,577,2
09/11/2026,01:56:38,5400.0,5419.24,0.35503133280681026,578,4
09/11/2026,01:56:38,5400.0,5419.24,0.35503133280681026,579,3
09/11/2026,01:56:38,5400.0,5419.24,0.35503133280681026,580,4
09/11/2026,01:56:38,5400.0,5419.24,0.35503133280681026,581,0
09/11/2026,01:56:38,5400.0,5419.24,0.35503133280681026,582,6
09/11/2026,01:56:38,5400.0,5419.24,0.35503133280681026,583,10
09/11/2026,01:56:38,5400.0,5419.24,0.35503133280681026,584,1
09/11/2026,01:56:38,5400.0,5419.24,0.35503133280681026,585,1
09/11/2026,01:56:38,5400.0,5419.24,0.35503133280681026,586,3
09/11/2026,01:56:38,5400.0,5419.24,0.35503133280681026,587,1
09/11/2026,01:56:38,5400.0,5419.24,0.35503133280681026,588,2
09/11/2026,01:56:38,5400.0,5419.24,0.35503133280681026,589,2
09/11/2026,01:56:38,5400.0,5419.24,0.35503133280681026,590,4
09/11/2026,01:56:38,5400.0,5419.24,0.35503133280681026,591,3
09/11/2026,01:56:38,5400.0,5419.24,0.35503133280681026,592,2
09/11/2026,01:56:38,5400.0,5419.24,0.35503133280681026,593,3
09/11/2026,01:56:38,5400.0,5419.24,0.35503133280681026,594,2
09/11/2026,01:56:38,5400.0,5419.24,0.35503133280681026,595,2
09/11/2026,01:56:38,5400.0,5419.24,0.35503133280681026,596,2
09/11/2026,01:56:38,5400.0,5419.24,0.35503133280681026,597,4
09/11/2026,01:56:38,5400.0,5419.24,0.35503133280681026,598,1
09/11/2026,01:56:38,5400.0,5419.24,0.35503133280681026,599,5
09/11/2026,01:56:38,5400.0,5419.24,0.35503133280681026,600,1
09/11/2026,01:56:38,5400.0,5419.24,0.35503133280681026,601,1
09/11/2026,01:56:38,5400.0,5419.24,0.35503133280681026,602,0
09/11/2026,01:56:38,5400.0,5419.24,0.35503133280681026,603,1
09/11/2026,01:56:38,5400.0,5419.24,0.35503133280681026,604,3
09/11/2026,01:56:38,5400.0,5419.24,0.35503133280681026,605,1
09/11/2026,01:56:38,5400.0,5419.24,0.35503133280681026,606,2
09/11/2026,01:56:38,5400.0,5419.24,0.35503133280681026,607,2
09/11/2026,01:56:38,5400.0,5419.24,0.35503133280681026,608,2
09/11/2026,01:56:38,5400.0,5419.24,0.35503133280681026,609,1
09/11/2026,01:56:38,5400.0,5419.24,0.35503133280681026,610,1
09/11/2026,01:56:38,5400.0,5419.24,0.35503133280681026,611,1
09/11/2026,01:56:38,5400.0,5419.24,0.35503133280681026,612,1
09/11/2026,01:56:38,5400.0,5419.24,0.35503133280681026,613,2
09/11/2026,01:56:38,5400.0,5419.24,0.35503133280681026,614,0
09/11/2026,01:56:38,5400.0,5419.24,0.35503133280681026,615,1
09/11/2026,01:56:38,5400.0,5419.24,0.35503133280681026,616,1
09/11/2026,01:56:38,5400.0,5419.24,0.35503133280681026,617,2
09/11/2026,01:56:38,5400.0,5419.24,0.35503133280681026,618,0
09/11/2026,01:56:38,5400.0,5419.24,0.35503133280681026,619,0
09/11/2026,01:56:38,5400.0,5419.24,0.35503133280681026,620,1
09/11/2026,01:56:38,5400.0,5419.24,0.35503133280681026,621,0
09/11/2026,01:56:38,5400.0,5419.24,0.35503133280681026,622,5
09/11/2026,01:56:38,5400.0,5419.24,0.35503133280681026,623,0
09/11/2026,01:56:38,5400.0,5419.24,0.35503133280681026,624,0
09/11/2026,01:56:38,5400.0,5419.24,0.35503133280681026,625,1
09/11/2026,01:56:38,5400.0,5419.24,0.35503133280681026,626,2
09/11/2026,01:56:38,5400.0,5419.24,0.35503133280681026,627,0
09/11/2026,01:56:38,5400.0,5419.24,0.35503133280681026,628,3
09/11/2026,01:56:38,5400.0,5419.24,0.35503133280681026,629,0
09/11/2026,01:56:38,5400.0,5419.24,0.35503133280681026,630,0
09/11/2026,01:56:38,5400.0,5419.24,0.35503133280681026,631,0
09/11/2026,01:56:38,5400.0,5419.24,0.35503133280681026,632,0
09/11/2026,01:56:38,5400.0,5419.24,0.35503133280681026,633,0
09/11/2026,01:56:38,5400.0,5419.24,0.35503133280681026,634,1
09/11/2026,01:56:38,5400.0,5419.24,0.35503133280681026,635,0
09/11/2026,01:56:38,5400.0,5419.24,0.35503133280681026,636,1
09/11/2026,01:56:38,5400.0,5419.24,0.35503133280681026,637,0
09/11/2026,01:56:38,5400.0,5419.24,0.35503133280681026,638,0
09/11/2026,01:56:38,5400.0,5419.24,0.35503133280681026,639,1
09/11/2026,01:56:38,5400.0,5419.24,0.35503133280681026,640,0
09/11/2026,01:56:38,5400.0,5419.24,0.35503133280681026,641,0
09/11/2026,01:56:38,5400.0,5419.24,0.35503133280681026,642,1
09/11/2026,01:56:38,5400.0,5419.24,0.35503133280681026,643,3
09/11/2026,01:56:38,5400.0,5419.24,0.35503133280681026,644,0
09/11/2026,01:56:38,5400.0,5419.24,0.35503133280681026,645,1
09/11/2026,01:56:38,5400.0,5419.24,0.35503133280681026,646,0
09/11/2026,01:56:38,5400.0,5419.24,0.35503133280681026,647,2
09/11/2026,01:56:38,5400.0,5419.24,0.35503133280681026,648,0
09/11/2026,01:56:38,5400.0,5419.24,0.35503133280681026,649,3
09/11/2026,01:56:38,5400.0,5419.24,0.35503133280681026,650,0
09/11/2026,01:56:38,5400.0,5419.24,0.35503133280681026,651,0
09/11/2026,01:56:38,5400.0,5419.24,0.35503133280681026,652,0
09/11/2026,01:56:38,5400.0,5419.24,0.35503133280681026,653,0
09/11/2026,01:56:38,5400.0,5419.24,0.35503133280681026,654,0
09/11/2026,01:56:38,5400.0,5419.24,0.35503133280681026,655,1
09/11/2026,01:56:38,5400.0,5419.24,0.35503133280681026,656,0
09/11/2026,01:56:38,5400.0,5419.24,0.35503133280681026,657,0
09/11/2026,01:56:38,5400.0,5419.24,0.35503133280681026,658,0
09/11/2026,01:56:38,5400.0,5419.24,0.35503133280681026,659,3
09/11/2026,01:56:38,5400.0,5419.24,0.35503133280681026,660,0
09/11/2026,01:56:38,5400.0,5419.24,0.35503133280681026,661,0
09/11/2026,01:56:38,5400.0,5419.24,0.35503133280681026,662,0
09/11/2026,01:56:38,5400.0,5419.24,0.35503133280681026,663,0
09/11/2026,01:56:38,5400.0,5419.24,0.35503133280681026,664,0
09/11/2026,01:56:38,5400.0,5419.24,0.35503133280681026,665,1
09/11/2026,01:56:38,5400.0,5419.24,0.35503133280681026,666,0
09/11/2026,01:56:38,5400.0,5419.24,0.35503133280681026,667,1
09/11/2026,01:56:38,5400.0,5419.24,0.35503133280681026,668,0
09/11/2026,01:56:38,5400.0,5419.24,0.35503133280681026,669,0
09/11/2026,01:56:38,5400.0,5419.24,0.35503133280681026,670,0
09/11/2026,01:56:38,5400.0,5419.24,0.35503133280681026,671,0
09/11/2026,01:56:38,5400.0,5419.24,0.35503133280681026,672,0
09/11/2026,01:56:38,5400.0,5419.24,0.35503133280681026,673,0
09/11/2026,01:56:38,5400.0,5419.24,0.35503133280681026,674,0
09/11/2026,01:56:38,5400.0,5419.24,0.35503133280681026,675,0
09/11/2026,01:56:38,5400.0,5419.24,0.35503133280681026,676,0
09/11/2026,01:56:38,5400.0,5419.24,0.35503133280681026,677,0
09/11/2026,01:56:38,5400.0,5419.24,0.35503133280681026,678,0
09/11/2026,01:56:38,5400.0,5419.24,0.35503133280681026,679,0
09/11/2026,01:56:38,5400.0,5419.24,0.35503133280681026,680,0
09/11/2026,01:56:38,5400.0,5419.24,0.35503133280681026,681,0
09/11/2026,01:56:38,5400.0,5419.24,0.35503133280681026,682,0
09/11/2026,01:56:38,5400.0,5419.24,0.35503133280681026,683,2
09/11/2026,01:56:38,5400.0,5419.24,0.35503133280681026,684,0
09/11/2026,01:56:38,5400.0,5419.24,0.35503133280681026,685,0
09/11/2026,01:56:38,5400.0,5419.24,0.35503133280681026,686,1
09/11/2026,01:56:38,5400.0,5419.24,0.35503133280681026,687,0
09/11/2026,01:56:38,5400.0,5419.24,0.35503133280681026,688,0
09/11/2026,01:56:38,5400.0,5419.24,0.35503133280681026,689,0
09/11/2026,01:56:38,5400.0,5419.24,0.35503133280681026,690,0
09/11/2026,01:56:38,5400.0,5419.24,0.35503133280681026,691,0
09/11/2026,01:56:38,5400.0,5419.24,0.35503133280681026,692,0
09/11/2026,01:56:38,5400.0,5419.24,0.35503133280681026,693,0
09/11/2026,01:56:38,5400.0,5419.24,0.35503133280681026,694,0
09/11/2026,01:56:38,5400.0,5419.24,0.35503133280681026,695,0
09/11/2026,01:56:38,5400.0,5419.24,0.35503133280681026,696,1
09/11/2026,01:56:38,5400.0,5419.24,0.35503133280681026,697,0
09/11/2026,01:56:38,5400.0,5419.24,0.35503133280681026,698,0
09/11/2026,01:56:38,5400.0,5419.24,0.35503133280681026,699,0
09/11/2026,01:56:38,5400.0,5419.24,0.35503133280681026,700,1
09/11/2026,01:56:38,5400.0,5419.24,0.35503133280681026,701,0
09/11/2026,01:56:38,5400.0,5419.24,0.35503133280681026,702,0
09/11/2026,01:56:38,5400.0,5419.24,0.35503133280681026,703,0
09/11/2026,01:56:38,5400.0,5419.24,0.35503133280681026,704,0
09/11/2026,01:56:38,5400.0,5419.24,0.35503133280681026,705,1
09/11/2026,01:56:38,5400.0,5419.24,0.35503133280681026,706,0
09/11/2026,01:56:38,5400.0,5419.24,0.35503133280681026,707,0
09/11/2026,01:56:38,5400.0,5419.24,0.35503133280681026,708,0
09/11/2026,01:56:38,5400.0,5419.24,0.35503133280681026,709,0
09/11/2026,01:56:38,5400.0,5419.24,0.35503133280681026,710,1
09/11/2026,01:56:38,5400.0,5419.24,0.35503133280681026,711,1
09/11/2026,01:56:38,5400.0,5419.24,0.35503133280681026,712,0
09/11/2026,01:56:38,5400.0,5419.24,0.35503133280681026,713,1
09/11/2026,01:56:38,5400.0,5419.24,0.35503133280681026,714,0
09/11/2026,01:56:38,5400.0,5419.24,0.35503133280681026,715,0
09/11/2026,01:56:38,5400.0,5419.24,0.35503133280681026,716,0
09/11/2026,01:56:38,5400.0,5419.24,0.35503133280681026,717,0
09/11/2026,01:56:38,5400.0,5419.24,0.35503133280681026,718,0
09/11/2026,01:56:38,5400.0,5419.24,0.35503133280681026,719,0
09/11/2026,01:56:38,5400.0,5419.24,0.35503133280681026,720,0
09/11/2026,01:56:38,5400.0,5419.24,0.35503133280681026,721,0
09/11/2026,01:56:38,5400.0,5419.24,0.35503133280681026,722,0
09/11/2026,01:56:38,5400.0,5419.24,0.35503133280681026,723,0
09/11/2026,01:56:38,5400.0,5419.24,0.35503133280681026,724,0
09/11/2026,01:56:38,5400.0,5419.24,0.35503133280681026,725,0
09/11/2026,01:56:38,5400.0,5419.24,0.35503133280681026,726,0
09/11/2026,01:56:38,5400.0,5419.24,0.35503133280681026,727,0
09/11/2026,01:56:38,5400.0,5419.24,0.35503133280681026,728,0
09/11/2026,01:56:38,5400.0,5419.24,0.35503133280681026,729,0
09/11/2026,01:56:38,5400.0,5419.24,0.35503133280681026,730,0
09/11/2026,01:56:38,5400.0,5419.24,0.35503133280681026,731,0
09/11/2026,01:56:38,5400.0,5419.24,0.35503133280681026,732,0
09/11/2026,01:56:38,5400.0,5419.24,0.35503133280681026,733,0
09/11/2026,01:56:38,5400.0,5419.24,0.35503133280681026,734,0
09/11/2026,01:56:38,5400.0,5419.24,0.35503133280681026,735,0
09/11/2026,01:56:38,5400.0,5419.24,0.35503133280681026,736,0
09/11/2026,01:56:38,5400.0,5419.24,0.35503133280681026,737,0
09/11/2026,01:56:38,5400.0,5419.24,0.35503133280681026,738,0
09/11/2026,01:56:38,5400.0,5419.24,0.35503133280681026,739,0
09/11/2026,01:56:38,5400.0,5419.24,0.35503133280681026,740,0
09/11/2026,01:56:38,5400.0,5419.24,0.35503133280681026,741,0
09/11/2026,01:56:38,5400.0,5419.24,0.35503133280681026,742,0
09/11/2026,01:56:38,5400.0,5419.24,0.35503133280681026,743,0
09/11/2026,01:56:38,5400.0,5419.24,0.35503133280681026,744,0
09/11/2026,01:56:38,5400.0,5419.24,0.35503133280681026,745,0
09/11/2026,01:56:38,5400.0,5419.24,0.35503133280681026,746,1
09/11/2026,01:56:38,5400.0,5419.24,0.35503133280681026,747,1
09/11/2026,01:56:38,5400.0,5419.24,0.35503133280681026,748,0
09/11/2026,01:56:38,5400.0,5419.24,0.35503133280681026,749,0
09/11/2026,01:56:38,5400.0,5419.24,0.35503133280681026,750,0
09/11/2026,01:56:38,5400.0,5419.24,0.35503133280681026,751,0
09/11/2026,01:56:38,5400.0,5419.24,0.35503133280681026,752,0
09/11/2026,01:56:38,5400.0,5419.24,0.35503133280681026,753,0
09/11/2026,01:56:38,5400.0,5419.24,0.35503133280681026,754,0
09/11/2026,01:56:38,5400.0,5419.24,0.35503133280681026,755,0
09/11/2026,01:56:38,5400.0,5419.24,0.35503133280681026,756,0
09/11/2026,01:56:38,5400.0,5419.24,0.35503133280681026,757,0
09/11/2026,01:56:38,5400.0,5419.24,0.35503133280681026,758,0
09/11/2026,01:56:38,5400.0,5419.24,0.35503133280681026,759,0
09/11/2026,01:56:38,5400.0,5419.24,0.35503133280681026,760,0
09/11/2026,01:56:38,5400.0,5419.24,0.35503133280681026,761,0
09/11/2026,01:56:38,5400.0,5419.24,0.35503133280681026,762,0
09/11/2026,01:56:38,5400.0,5419.24,0.35503133280681026,763,0
09/11/2026,01:56:38,5400.0,5419.24,0.35503133280681026,764,0
09/11/2026,01:56:38,5400.0,5419.24,0.35503133280681026,765,0
09/11/2026,01:56:38,5400.0,5419.24,0.35503133280681026,766,0
09/11/2026,01:56:38,5400.0,5419.24,0.35503133280681026,767,0
09/11/2026,01:56:38,5400.0,5419.24,0.35503133280681026,768,0
09/11/2026,01:56:38,5400.0,5419.24,0.35503133280681026,769,0
09/11/2026,01:56:38,5400.0,5419.24,0.35503133280681026,770,0
09/11/2026,01:56:38,5400.0,5419.24,0.35503133280681026,771,0
09/11/2026,01:56:38,5400.0,5419.24,0.35503133280681026,772,0
09/11/2026,01:56:38,5400.0,5419.24,0.35503133280681026,773,0
09/11/2026,01:56:38,5400.0,5419.24,0.35503133280681026,774,0
09/11/2026,01:56:38,5400.0,5419.24,0.35503133280681026,775,0
09/11/2026,01:56:38,5400.0,5419.24,0.35503133280681026,776,0
09/11/2026,01:56:38,5400.0,5419.24,0.35503133280681026,777,0
09/11/2026,01:56:38,5400.0,5419.24,0.35503133280681026,778,0
09/11/2026,01:56:38,5400.0,5419.24,0.35503133280681026,779,0
09/11/2026,01:56:38,5400.0,5419.24,0.35503133280681026,780,0
09/11/2026,01:56:38,5400.0,5419.24,0.35503133280681026,781,0
09/11/2026,01:56:38,5400.0,5419.24,0.35503133280681026,782,0
09/11/2026,01:56:38,5400.0,5419.24,0.35503133280681026,783,0
09/11/2026,01:56:38,5400.0,5419.24,0.35503133280681026,784,1
09/11/2026,01:56:38,5400.0,5419.24,0.35503133280681026,785,0
09/11/2026,01:56:38,5400.0,5419.24,0.35503133280681026,786,0
09/11/2026,01:56:38,5400.0,5419.24,0.35503133280681026,787,0
09/11/2026,01:56:38,5400.0,5419.24,0.35503133280681026,788,0
09/11/2026,01:56:38,5400.0,5419.24,0.35503133280681026,789,0
09/11/2026,01:56:38,5400.0,5419.24,0.35503133280681026,790,0
09/11/2026,01:56:38,5400.0,5419.24,0.35503133280681026,791,1
09/11/2026,01:56:38,5400.0,5419.24,0.35503133280681026,792,0
09/11/2026,01:56:38,5400.0,5419.24,0.35503133280681026,793,1
09/11/2026,01:56:38,5400.0,5419.24,0.35503133280681026,794,0
09/11/2026,01:56:38,5400.0,5419.24,0.35503133280681026,795,0
09/11/2026,01:56:38,5400.0,5419.24,0.35503133280681026,796,0
09/11/2026,01:56:38,5400.0,5419.24,0.35503133280681026,797,0
09/11/2026,01:56:38,5400.0,5419.24,0.35503133280681026,798,0
09/11/2026,01:56:38,5400.0,5419.24,0.35503133280681026,799,0
09/11/2026,01:56:38,5400.0,5419.24,0.35503133280681026,800,0
09/11/2026,01:56:38,5400.0,5419.24,0.35503133280681026,801,0
09/11/2026,01:56:38,5400.0,5419.24,0.35503133280681026,802,0
09/11/2026,01:56:38,5400.0,5419.24,0.35503133280681026,803,0
09/11/2026,01:56:38,5400.0,5419.24,0.35503133280681026,804,0
09/11/2026,01:56:38,5400.0,5419.24,0.35503133280681026,805,0
09/11/2026,01:56:38,5400.0,5419.24,0.35503133280681026,806,0
09/11/2026,01:56:38,5400.0,5419.24,0.35503133280681026,807,0
09/11/2026,01:56:38,5400.0,5419.24,0.35503133280681026,808,0
09/11/2026,01:56:38,5400.0,5419.24,0.35503133280681026,809,0
09/11/2026,01:56:38,5400.0,5419.24,0.35503133280681026,810,0
09/11/2026,01:56:38,5400.0,5419.24,0.35503133280681026,811,0
09/11/2026,01:56:38,5400.0,5419.24,0.35503133280681026,812,0
09/11/2026,01:56:38,5400.0,5419.24,0.35503133280681026,813,0
09/11/2026,01:56:38,5400.0,5419.24,0.35503133280681026,814,0
09/11/2026,01:56:38,5400.0,5419.24,0.35503133280681026,815,0
09/11/2026,01:56:38,5400.0,5419.24,0.35503133280681026,816,0
09/11/2026,01:56:38,5400.0,5419.24,0.35503133280681026,817,0
09/11/2026,01:56:38,5400.0,5419.24,0.35503133280681026,818,0
09/11/2026,01:56:38,5400.0,5419.24,0.35503133280681026,819,0
09/11/2026,01:56:38,5400.0,5419.24,0.35503133280681026,820,0
09/11/2026,01:56:38,5400.0,5419.24,0.35503133280681026,821,0
09/11/2026,01:56:38,5400.0,5419.24,0.35503133280681026,822,0
09/11/2026,01:56:38,5400.0,5419.24,0.35503133280681026,823,0
09/11/2026,01:56:38,5400.0,5419.24,0.35503133280681026,824,0
09/11/2026,01:56:38,5400.0,5419.24,0.35503133280681026,825,0
09/11/2026,01:56:38,5400.0,5419.24,0.35503133280681026,826,0
09/11/2026,01:56:38,5400.0,5419.24,0.35503133280681026,827,0
09/11/2026,01:56:38,5400.0,5419.24,0.35503133280681026,828,0
09/11/2026,01:56:38,5400.0,5419.24,0.35503133280681026,829,0
09/11/2026,01:56:38,5400.0,5419.24,0.35503133280681026,830,0
09/11/2026,01:56:38,5400.0,5419.24,0.35503133280681026,831,0
09/11/2026,01:56:38,5400.0,5419.24,0.35503133280681026,832,0
09/11/2026,01:56:38,5400.0,5419.24,0.35503133280681026,833,0
09/11/2026,01:56:38,5400.0,5419.24,0.35503133280681026,834,0
09/11/2026,01:56:38,5400.0,5419.24,0.35503133280681026,835,0
09/11/2026,01:56:38,5400.0,5419.24,0.35503133280681026,836,0
09/11/2026,01:56:38,5400.0,5419.24,0.35503133280681026,837,0
09/11/2026,01:56:38,5400.0,5419.24,0.35503133280681026,838,0
09/11/2026,01:56:38,5400.0,5419.24,0.35503133280681026,839,0
09/11/2026,01:56:38,5400.0,5419.24,0.35503133280681026,840,0
09/11/2026,01:56:38,5400.0,5419.24,0.35503133280681026,841,0
09/11/2026,01:56:38,5400.0,5419.24,0.35503133280681026,842,0
09/11/2026,01:56:38,5400.0,5419.24,0.35503133280681026,843,1
09/11/2026,01:56:38,5400.0,5419.24,0.35503133280681026,844,0
09/11/2026,01:56:38,5400.0,5419.24,0.35503133280681026,845,0
09/11/2026,01:56:38,5400.0,5419.24,0.35503133280681026,846,0
09/11/2026,01:56:38,5400.0,5419.24,0.35503133280681026,847,0
09/11/2026,01:56:38,5400.0,5419.24,0.35503133280681026,848,0
09/11/2026,01:56:38,5400.0,5419.24,0.35503133280681026,849,0
09/11/2026,01:56:38,5400.0,5419.24,0.35503133280681026,850,0
09/11/2026,01:56:38,5400.0,5419.24,0.35503133280681026,851,0
09/11/2026,01:56:38,5400.0,5419.24,0.35503133280681026,852,0
09/11/2026,01:56:38,5400.0,5419.24,0.35503133280681026,853,0
09/11/2026,01:56:38,5400.0,5419.24,0.35503133280681026,854,0
09/11/2026,01:56:38,5400.0,5419.24,0.35503133280681026,855,0
09/11/2026,01:56:38,5400.0,5419.24,0.35503133280681026,856,0
09/11/2026,01:56:38,5400.0,5419.24,0.35503133280681026,857,0
09/11/2026,01:56:38,5400.0,5419.24,0.35503133280681026,858,0
09/11/2026,01:56:38,5400.0,5419.24,0.35503133280681026,859,0
09/11/2026,01:56:38,5400.0,5419.24,0.35503133280681026,860,0
09/11/2026,01:56:38,5400.0,5419.24,0.35503133280681026,861,0
09/11/2026,01:56:38,5400.0,5419.24,0.35503133280681026,862,0
09/11/2026,01:56:38,5400.0,5419.24,0.35503133280681026,863,0
09/11/2026,01:56:38,5400.0,5419.24,0.35503133280681026,864,0
09/11/2026,01:56:38,5400.0,5419.24,0.35503133280681026,865,0
09/11/2026,01:56:38,5400.0,5419.24,0.35503133280681026,866,0
09/11/2026,01:56:38,5400.0,5419.24,0.35503133280681026,867,0
09/11/2026,01:56:38,5400.0,5419.24,0.35503133280681026,868,0
09/11/2026,01:56:38,5400.0,5419.24,0.35503133280681026,869,0
09/11/2026,01:56:38,5400.0,5419.24,0.35503133280681026,870,0
09/11/2026,01:56:38,5400.0,5419.24,0.35503133280681026,871,0
09/11/2026,01:56:38,5400.0,5419.24,0.35503133280681026,872,0
09/11/2026,01:56:38,5400.0,5419.24,0.35503133280681026,873,0
09/11/2026,01:56:38,5400.0,5419.24,0.35503133280681026,874,0
09/11/2026,01:56:38,5400.0,5419.24,0.35503133280681026,875,0
09/11/2026,01:56:38,5400.0,5419.24,0.35503133280681026,876,0
09/11/2026,01:56:38,5400.0,5419.24,0.35503133280681026,877,0
09/11/2026,01:56:38,5400.0,5419.24,0.35503133280681026,878,0
09/11/2026,01:56:38,5400.0,5419.24,0.35503133280681026,879,0
09/11/2026,01:56:38,5400.0,5419.24,0.35503133280681026,880,0
09/11/2026,01:56:38,5400.0,5419.24,0.35503133280681026,881,0
09/11/2026,01:56:38,5400.0,5419.24,0.35503133280681026,882,0
09/11/2026,01:56:38,5400.0,5419.24,0.35503133280681026,883,0
09/11/2026,01:56:38,5400.0,5419.24,0.35503133280681026,884,0
09/11/2026,01:56:38,5400.0,5419.24,0.35503133280681026,885,0
09/11/2026,01:56:38,5400.0,5419.24,0.35503133280681026,886,0
09/11/2026,01:56:38,5400.0,5419.24,0.35503133280681026,887,0
09/11/2026,01:56:38,5400.0,5419.24,0.35503133280681026,888,0
09/11/2026,01:56:38,5400.0,5419.24,0.35503133280681026,889,1
09/11/2026,01:56:38,5400.0,5419.24,0.35503133280681026,890,0
09/11/2026,01:56:38,5400.0,5419.24,0.35503133280681026,891,0
09/11/2026,01:56:38,5400.0,5419.24,0.35503133280681026,892,0
09/11/2026,01:56:38,5400.0,5419.24,0.35503133280681026,893,0
09/11/2026,01:56:38,5400.0,5419.24,0.35503133280681026,894,0
09/11/2026,01:56:38,5400.0,5419.24,0.35503133280681026,895,0
09/11/2026,01:56:38,5400.0,5419.24,0.35503133280681026,896,0
09/11/2026,01:56:38,5400.0,5419.24,0.35503133280681026,897,0
09/11/2026,01:56:38,5400.0,5419.24,0.35503133280681026,898,0
09/11/2026,01:56:38,5400.0,5419.24,0.35503133280681026,899,0
09/11/2026,01:56:38,5400.0,5419.24,0.35503133280681026,900,0
09/11/2026,01:56:38,5400.0,5419.24,0.35503133280681026,901,0
09/11/2026,01:56:38,5400.0,5419.24,0.35503133280681026,902,0
09/11/2026,01:56:38,5400.0,5419.24,0.35503133280681026,903,0
09/11/2026,01:56:38,5400.0,5419.24,0.35503133280681026,904,0
09/11/2026,01:56:38,5400.0,5419.24,0.35503133280681026,905,0
09/11/2026,01:56:38,5400.0,5419.24,0.35503133280681026,906,0
09/11/2026,01:56:38,5400.0,5419.24,0.35503133280681026,907,0
09/11/2026,01:56:38,5400.0,5419.24,0.35503133280681026,908,0
09/11/2026,01:56:38,5400.0,5419.24,0.35503133280681026,909,1
09/11/2026,01:56:38,5400.0,5419.24,0.35503133280681026,910,0
09/11/2026,01:56:38,5400.0,5419.24,0.35503133280681026,911,0
09/11/2026,01:56:38,5400.0,5419.24,0.35503133280681026,912,0
09/11/2026,01:56:38,5400.0,5419.24,0.35503133280681026,913,0
09/11/2026,01:56:38,5400.0,5419.24,0.35503133280681026,914,0
09/11/2026,01:56:38,5400.0,5419.24,0.35503133280681026,915,0
09/11/2026,01:56:38,5400.0,5419.24,0.35503133280681026,916,0
09/11/2026,01:56:38,5400.0,5419.24,0.35503133280681026,917,0
09/11/2026,01:56:38,5400.0,5419.24,0.35503133280681026,918,0
09/11/2026,01:56:38,5400.0,5419.24,0.35503133280681026,919,0
09/11/2026,01:56:38,5400.0,5419.24,0.35503133280681026,920,0
09/11/2026,01:56:38,5400.0,5419.24,0.35503133280681026,921,0
09/11/2026,01:56:38,5400.0,5419.24,0.35503133280681026,922,0
09/11/2026,01:56:38,5400.0,5419.24,0.35503133280681026,923,0
09/11/2026,01:56:38,5400.0,5419.24,0.35503133280681026,924,0
09/11/2026,01:56:38,5400.0,5419.24,0.35503133280681026,925,0
09/11/2026,01:56:38,5400.0,5419.24,0.35503133280681026,926,0
09/11/2026,01:56:38,5400.0,5419.24,0.35503133280681026,927,0
09/11/2026,01:56:38,5400.0,5419.24,0.35503133280681026,928,0
09/11/2026,01:56:38,5400.0,5419.24,0.35503133280681026,929,0
09/11/2026,01:56:38,5400.0,5419.24,0.35503133280681026,930,0
09/11/2026,01:56:38,5400.0,5419.24,0.35503133280681026,931,0
09/11/2026,01:56:38,5400.0,5419.24,0.35503133280681026,932,0
09/11/2026,01:56:38,5400.0,5419.24,0.35503133280681026,933,0
09/11/2026,01:56:38,5400.0,5419.24,0.35503133280681026,934,0
09/11/2026,01:56:38,5400.0,5419.24,0.35503133280681026,935,0
09/11/2026,01:56:38,5400.0,5419.24,0.35503133280681026,936,0
09/11/2026,01:56:38,5400.0,5419.24,0.35503133280681026,937,0
09/11/2026,01:56:38,5400.0,5419.24,0.35503133280681026,938,0
09/11/2026,01:56:38,5400.0,5419.24,0.35503133280681026,939,0
09/11/2026,01:56:38,5400.0,5419.24,0.35503133280681026,940,0
09/11/2026,01:56:38,5400.0,5419.24,0.35503133280681026,941,0
09/11/2026,01:56:38,5400.0,5419.24,0.35503133280681026,942,0
09/11/2026,01:56:38,5400.0,5419.24,0.35503133280681026,943,0
09/11/2026,01:56:38,5400.0,5419.24,0.35503133280681026,944,0
09/11/2026,01:56:38,5400.0,5419.24,0.35503133280681026,945,1
09/11/2026,01:56:38,5400.0,5419.24,0.35503133280681026,946,0
09/11/2026,01:56:38,5400.0,5419.24,0.35503133280681026,947,0
09/11/2026,01:56:38,5400.0,5419.24,0.35503133280681026,948,0
09/11/2026,01:56:38,5400.0,5419.24,0.35503133280681026,949,0
09/11/2026,01:56:38,5400.0,5419.24,0.35503133280681026,950,0
09/11/2026,01:56:38,5400.0,5419.24,0.35503133280681026,951,0
09/11/2026,01:56:38,5400.0,5419.24,0.35503133280681026,952,0
09/11/2026,01:56:38,5400.0,5419.24,0.35503133280681026,953,0
09/11/2026,01:56:38,5400.0,5419.24,0.35503133280681026,954,0
09/11/2026,01:56:38,5400.0,5419.24,0.35503133280681026,955,0
09/11/2026,01:56:38,5400.0,5419.24,0.35503133280681026,956,0
09/11/2026,01:56:38,5400.0,5419.24,0.35503133280681026,957,0
09/11/2026,01:56:38,5400.0,5419.24,0.35503133280681026,958,0
09/11/2026,01:56:38,5400.0,5419.24,0.35503133280681026,959,0
09/11/2026,01:56:38,5400.0,5419.24,0.35503133280681026,960,0
09/11/2026,01:56:38,5400.0,5419.24,0.35503133280681026,961,0
09/11/2026,01:56:38,5400.0,5419.24,0.35503133280681026,962,0
09/11/2026,01:56:38,5400.0,5419.24,0.35503133280681026,963,0
09/11/2026,01:56:38,5400.0,5419.24,0.35503133280681026,964,0
09/11/2026,01:56:38,5400.0,5419.24,0.35503133280681026,965,0
09/11/2026,01:56:38,5400.0,5419.24,0.35503133280681026,966,0
09/11/2026,01:56:38,5400.0,5419.24,0.35503133280681026,967,0
09/11/2026,01:56:38,5400.0,5419.24,0.35503133280681026,968,0
09/11/2026,01:56:38,5400.0,5419.24,0.35503133280681026,969,0
09/11/2026,01:56:38,5400.0,5419.24,0.35503133280681026,970,0
09/11/2026,01:56:38,5400.0,5419.24,0.35503133280681026,971,0
09/11/2026,01:56:38,5400.0,5419.24,0.35503133280681026,972,0
09/11/2026,01:56:38,5400.0,5419.24,0.35503133280681026,973,0
09/11/2026,01:56:38,5400.0,5419.24,0.35503133280681026,974,0
09/11/2026,01:56:38,5400.0,5419.24,0.35503133280681026,975,0
09/11/2026,01:56:38,5400.0,5419.24,0.35503133280681026,976,0
09/11/2026,01:56:38,5400.0,5419.24,0.35503133280681026,977,0
09/11/2026,01:56:38,5400.0,5419.24,0.35503133280681026,978,0
09/11/2026,01:56:38,5400.0,5419.24,0.35503133280681026,979,0
09/11/2026,01:56:38,5400.0,5419.24,0.35503133280681026,980,0
09/11/2026,01:56:38,5400.0,5419.24,0.35503133280681026,981,0
09/11/2026,01:56:38,5400.0,5419.24,0.35503133280681026,982,0
09/11/2026,01:56:38,5400.0,5419.24,0.35503133280681026,983,0
09/11/2026,01:56:38,5400.0,5419.24,0.35503133280681026,984,0
09/11/2026,01:56:38,5400.0,5419.24,0.35503133280681026,985,0
09/11/2026,01:56:38,5400.0,5419.24,0.35503133280681026,986,0
09/11/2026,01:56:38,5400.0,5419.24,0.35503133280681026,987,0
09/11/2026,01:56:38,5400.0,5419.24,0.35503133280681026,988,0
09/11/2026,01:56:38,5400.0,5419.24,0.35503133280681026,989,0
09/11/2026,01:56:38,5400.0,5419.24,0.35503133280681026,990,0
09/11/2026,01:56:38,5400.0,5419.24,0.35503133280681026,991,0
09/11/2026,01:56:38,5400.0,5419.24,0.35503133280681026,992,0
09/11/2026,01:56:38,5400.0,5419.24,0.35503133280681026,993,0
09/11/2026,01:56:38,5400.0,5419.24,0.35503133280681026,994,0
09/11/2026,01:56:38,5400.0,5419.24,0.35503133280681026,995,0
09/11/2026,01:56:38,5400.0,5419.24,0.35503133280681026,996,0
09/11/2026,01:56:38,5400.0,5419.24,0.35503133280681026,997,0
09/11/2026,01:56:38,5400.0,5419.24,0.35503133280681026,998,0
09/11/2026,01:56:38,5400.0,5419.24,0.35503133280681026,999,0
09/11/2026,01:56:38,5400.0,5419.24,0.35503133280681026,1000,0
09/11/2026,01:56:38,5400.0,5419.24,0.35503133280681026,1001,0
09/11/2026,01:56:38,5400.0,5419.24,0.35503133280681026,1002,0
09/11/2026,01:56:38,5400.0,5419.24,0.35503133280681026,1003,0
09/11/2026,01:56:38,5400.0,5419.24,0.35503133280681026,1004,0
09/11/2026,01:56:38,5400.0,5419.24,0.35503133280681026,1005,0
09/11/2026,01:56:38,5400.0,5419.24,0.35503133280681026,1006,0
09/11/2026,01:56:38,5400.0,5419.24,0.35503133280681026,1007,0
09/11/2026,01:56:38,5400.0,5419.24,0.35503133280681026,1008,0
09/11/2026,01:56:38,5400.0,5419.24,0.35503133280681026,1009,0
09/11/2026,01:56:38,5400.0,5419.24,0.35503133280681026,1010,0
09/11/2026,01:56:38,5400.0,5419.24,0.35503133280681026,1011,0
09/11/2026,01:56:38,5400.0,5419.24,0.35503133280681026,1012,0
09/11/2026,01:56:38,5400.0,5419.24,0.35503133280681026,1013,0
09/11/2026,01:56:38,5400.0,5419.24,0.35503133280681026,1014,0
09/11/2026,01:56:38,5400.0,5419.24,0.35503133280681026,1015,0
09/11/2026,01:56:38,5400.0,5419.24,0.35503133280681026,1016,0
09/11/2026,01:56:38,5400.0,5419.24,0.35503133280681026,1017,0
09/11/2026,01:56:38,5400.0,5419.24,0.35503133280681026,1018,0
09/11/2026,01:56:38,5400.0,5419.24,0.35503133280681026,1019,0
09/11/2026,01:56:38,5400.0,5419.24,0.35503133280681026,1020,0
09/11/2026,01:56:38,5400.0,5419.24,0.35503133280681026,1021,0
09/11/2026,01:56:38,5400.0,5419.24,0.35503133280681026,1022,0
09/11/2026,01:56:38,5400.0,5419.24,0.35503133280681026,1023,0
09/11/2026,01:56:38,5400.0,5419.24,0.35503133280681026,1024,0
